"Name";"Slug";"Collection ID";"Locale ID";"Item ID";"Created On";"Updated On";"Published On";"Titre";"auteur";"Date de publication";"Durée de lecture";"Top article";"Top 3articles";"Derniers articles";"Table des matières";"Contenu article";"articles similaires";"Type d'article";"Type d'article 2";"Type d'article 3";"Type d'article 4";"type article 5";"Type d'article 6";"Type d'article 7";"Type d'article 8";"Photo auteur";"photo article";"Résumé de l'article";"Balise title";"META DESCRIPTION"
"Comportementaliste canin : guide complet 2025";"comportementaliste-canin-guide-complet-2025";"";"";"";"";"";"";"Comportementaliste canin : le guide complet pour comprendre ce métier en 2025";"";"28/03/2025";"7 minutes";"";"";"";"";"<article>
<h1>Comportementaliste canin : le guide complet pour comprendre ce métier en 2025</h1>

<p>Face à l'augmentation des problèmes comportementaux chez nos compagnons à quatre pattes, le rôle du comportementaliste canin (ou psychologue pour chiens) devient essentiel. En 2025, cette profession connaît un essor remarquable en France avec plus de 15% de croissance annuelle depuis 2023. Découvrez tout ce que vous devez savoir sur ce spécialiste du comportement canin.</p>

<div class=""table-of-contents"">
<h2>Table des matières</h2>
<ul>
<li><a href=""#definition"">Qu'est-ce qu'un comportementaliste canin ?</a></li>
<li><a href=""#formation"">Formation et certification en 2025</a></li>
<li><a href=""#problemes"">Principaux problèmes comportementaux traités</a></li>
<li><a href=""#consultation"">Comment se déroule une consultation ?</a></li>
<li><a href=""#choisir"">Comment choisir son psychologue canin ?</a></li>
<li><a href=""#conclusion"">Conclusion</a></li>
</ul>
</div>

<h2 id=""definition"">Qu'est-ce qu'un comportementaliste canin ?</h2>

<p>Le comportementaliste canin, également appelé psychologue pour chiens, est un professionnel spécialisé dans l'analyse et la correction des troubles du comportement chez le chien. Contrairement à l'éducateur canin qui se concentre sur l'apprentissage des ordres de base, le comportementaliste traite les problèmes comportementaux plus profonds.</p>

<p>Selon les dernières statistiques de 2025, 68% des propriétaires de chiens en France font appel à un comportementaliste pour résoudre des problèmes d'agressivité, d'anxiété ou de phobie chez leur animal. Cette tendance reflète une prise de conscience croissante de l'importance du bien-être psychologique de nos compagnons.</p>

<blockquote>""Un comportementaliste canin ne dresse pas les chiens, il aide à rétablir l'équilibre émotionnel et comportemental de l'animal en travaillant sur la relation entre le chien et son propriétaire."" - Association Française des Comportementalistes Canins, 2025.</blockquote>

<h3>Différence entre comportementaliste et éducateur canin</h3>

<p>La distinction entre ces deux métiers est importante à comprendre :</p>

<ul>
<li><strong>L'éducateur canin</strong> : enseigne les commandes de base et aide à la socialisation</li>
<li><strong>Le comportementaliste canin</strong> : analyse et traite les troubles du comportement</li>
<li><strong>Le psy pour chien</strong> : terme souvent utilisé pour désigner le comportementaliste</li>
</ul>

<h2 id=""formation"">Formation et certification en 2025</h2>

<p>En 2025, le métier de comportementaliste canin est de plus en plus encadré en France. Bien qu'il n'existe pas encore de diplôme d'État spécifique, plusieurs formations certifiantes sont reconnues par la profession et les propriétaires d'animaux.</p>

<h3>Parcours de formation recommandés</h3>

<p>Les formations les plus reconnues en 2025 incluent :</p>

<ul>
<li>Certification professionnelle de comportementaliste canin (inscrite au RNCP)</li>
<li>Formation universitaire en éthologie avec spécialisation canine</li>
<li>Formations certifiantes dispensées par des organismes spécialisés comme Vox Animae ou Entre Chiens</li>
</ul>

<p>Selon les données récentes, 85% des comportementalistes canins en exercice ont suivi une formation certifiante d'au moins 300 heures, combinant théorie et pratique. La tendance en 2025 montre une professionnalisation accrue du secteur.</p>

<h2 id=""problemes"">Principaux problèmes comportementaux traités</h2>

<p>Les statistiques 2025 révèlent que les comportementalistes canins interviennent principalement sur ces troubles :</p>

<h3>L'agressivité</h3>

<p>Premier motif de consultation (42% des cas), l'agressivité peut être dirigée vers les humains ou d'autres animaux. Les causes sont multiples : peur, protection de ressources, douleur physique ou manque de socialisation.</p>

<h3>L'anxiété de séparation</h3>

<p>Touchant près de 30% des chiens en France en 2025, ce trouble se manifeste par des destructions, aboiements excessifs ou malpropreté lorsque le chien est seul. Les nouvelles méthodes comportementales montrent un taux de réussite de 78% dans le traitement de ce trouble.</p>

<h3>Les phobies et peurs</h3>

<p>Qu'il s'agisse de peur des bruits forts (comme les orages), des inconnus ou de certains environnements, ces troubles représentent 25% des consultations en 2025. Les techniques de désensibilisation progressive sont particulièrement efficaces.</p>

<h2 id=""consultation"">Comment se déroule une consultation ?</h2>

<p>Une consultation type avec un comportementaliste canin en 2025 suit généralement ce processus :</p>

<h3>L'anamnèse</h3>

<p>Cette première étape consiste en un questionnaire détaillé sur l'historique du chien, son environnement et les problèmes rencontrés. Les comportementalistes utilisent désormais des outils numériques pour analyser ces données avec précision.</p>

<h3>L'observation</h3>

<p>Le professionnel observe ensuite les interactions entre le chien et ses propriétaires. Les technologies de 2025 permettent parfois d'utiliser des caméras à domicile pour observer le comportement du chien dans son environnement quotidien.</p>

<h3>Le diagnostic et le plan d'action</h3>

<p>Après analyse, le comportementaliste établit un diagnostic et propose un plan d'action personnalisé. Selon les données 2025, 72% des cas nécessitent entre 3 et 5 séances pour obtenir des améliorations significatives.</p>

<h2 id=""choisir"">Comment choisir son psychologue canin ?</h2>

<p>Pour sélectionner le bon comportementaliste pour votre chien en 2025, voici les critères essentiels :</p>

<ul>
<li>Vérifier la formation et les certifications</li>
<li>S'assurer qu'il utilise des méthodes positives et bienveillantes</li>
<li>Consulter les avis et témoignages</li>
<li>S'informer sur son approche (cognitivo-comportementale, systémique, etc.)</li>
<li>Vérifier son adhésion à une association professionnelle reconnue</li>
</ul>

<p>Les tarifs moyens en 2025 varient entre 80€ et 150€ pour une consultation initiale, avec un suivi généralement facturé entre 50€ et 90€ par séance. Certaines assurances pour animaux commencent à prendre en charge partiellement ces consultations.</p>

<h2 id=""conclusion"">Conclusion</h2>

<p>Le métier de comportementaliste canin répond à un besoin croissant dans notre société où les chiens occupent une place importante dans les foyers français. En 2025, cette profession continue de se structurer et de gagner en reconnaissance.</p>

<p>Si votre chien présente des troubles du comportement, n'hésitez pas à consulter un professionnel. Plus tôt les problèmes sont pris en charge, plus les chances de succès sont élevées. Votre compagnon à quatre pattes mérite de vivre une vie équilibrée et heureuse !</p>

<p>Vous recherchez un comportementaliste canin qualifié dans votre région ? Contactez-nous pour obtenir des recommandations personnalisées adaptées aux besoins spécifiques de votre chien.</p>
</article>";"";"";"";"";"";"";"";"";"";"";"";"";"Découvrez le rôle essentiel du comportementaliste canin en 2025. Ce guide complet explique comment ce spécialiste (aussi appelé psychologue pour chiens) peut résoudre les problèmes d'agressivité, d'anxiété et de phobie chez votre animal.";"Comportementaliste canin : guide complet pour comprendre ce métier en 2025";"Découvrez comment un comportementaliste canin peut aider votre chien à surmonter ses problèmes comportementaux. Guide 2025 complet sur ce métier en pleine expansion."